en	aor
en	asc
en	asr
en	base1
en	base2
en	base3
en	base4
en	base5
en	base6
en	basep
en	bcr
en	bkp
en	bkt
en	blk
en	blw
en	brs
en	bst
en	bus
en	bw1
en	bw10
en	bw11
en	bw2
en	bw3
en	bw4
en	bw5
en	bw6
en	bw7
en	bw8
en	bw9
en	bwp
en	cec
en	cel
en	cel25
en	cel25c
en	ces
en	cin
en	col1
en	cpa
en	cre
en	cri
en	crz
en	daa
en	dc1
en	dcr
en	det
en	det1
en	dex
en	dp1
en	dp2
en	dp3
en	dp4
en	dp5
en	dp6
en	dp7
en	dpp
en	dri
en	drm
en	drv
en	drx
en	dv1
en	ecard1
en	ecard2
en	ecard3
en	epo
en	evo
en	evs
en	ex1
en	ex10
en	ex11
en	ex12
en	ex13
en	ex14
en	ex15
en	ex16
en	ex2
en	ex3
en	ex4
en	ex5
en	ex6
en	ex7
en	ex8
en	ex9
en	fco
en	ffi
en	flf
en	fli
en	fst
en	fut20
en	gen
en	gri
en	gym1
en	gym2
en	hgss1
en	hgss2
en	hgss3
en	hgss4
en	hif
en	hsp
en	jtg
en	kss
en	lor
en	lot
en	ltr
en	mcd11
en	mcd12
en	mcd14
en	mcd15
en	mcd16
en	mcd17
en	mcd18
en	mcd19
en	mcd21
en	mcd22
en	me1
en	me2
en	me2pt5
en	me3
en	me4
en	meg
en	mew
en	neo1
en	neo2
en	neo3
en	neo4
en	nvi
en	nxd
en	obf
en	paf
en	pal
en	par
en	pfl
en	pgo
en	phf
en	pl1
en	pl2
en	pl3
en	pl4
en	plb
en	plf
en	pls
en	pop1
en	pop2
en	pop3
en	pop4
en	pop5
en	pop6
en	pop7
en	pop8
en	pop9
en	por
en	pr-blw
en	pr-dpp
en	pr-hs
en	pr-np
en	pr-sm
en	pr-sv
en	pr-sw
en	pr-xy
en	prc
en	pre
en	rcl
en	ros
en	rsv10pt5
en	ru1
en	scr
en	sfa
en	shf
en	si1
en	sit
en	slg
en	sm1
en	sm10
en	sm11
en	sm115
en	sm12
en	sm2
en	sm3
en	sm35
en	sm4
en	sm5
en	sm6
en	sm7
en	sm75
en	sm8
en	sm9
en	sma
en	smp
en	ssh
en	ssp
en	sts
en	sum
en	sv1
en	sv10
en	sv2
en	sv3
en	sv3pt5
en	sv4
en	sv4pt5
en	sv5
en	sv6
en	sv6pt5
en	sv7
en	sv8
en	sv8pt5
en	sv9
en	sve
en	svi
en	svp
en	swsh1
en	swsh10
en	swsh10tg
en	swsh11
en	swsh11tg
en	swsh12
en	swsh12pt5
en	swsh12pt5gg
en	swsh12tg
en	swsh2
en	swsh3
en	swsh35
en	swsh4
en	swsh45
en	swsh45sv
en	swsh5
en	swsh6
en	swsh7
en	swsh8
en	swsh9
en	swsh9tg
en	swshp
en	tef
en	teu
en	tk1a
en	tk1b
en	tk2a
en	tk2b
en	trr
en	twm
en	unb
en	unm
en	upr
en	viv
en	wht
en	xy0
en	xy1
en	xy10
en	xy11
en	xy12
en	xy2
en	xy3
en	xy4
en	xy5
en	xy6
en	xy7
en	xy8
en	xy9
en	xyp
en	zsv10pt5
jp	20th
jp	bgs
jp	bkb
jp	bkc
jp	bkr
jp	bkt
jp	bkv
jp	bkw
jp	bkz
jp	btv
jp	bw1b
jp	bw1w
jp	bw2
jp	bw3h
jp	bw3p
jp	bw4
jp	bw5n
jp	bw5z
jp	bw6c
jp	bw6f
jp	bw7
jp	bw8f
jp	bw8n
jp	bw9
jp	bwp
jp	cp1
jp	cp2
jp	cp3
jp	cp4
jp	cp5
jp	cp6
jp	cs1
jp	ds
jp	ebb
jp	gbr
jp	hs
jp	hsp
jp	hsz
jp	hxy
jp	kk
jp	kld
jp	m1l
jp	m1s
jp	m2
jp	m2a
jp	m3
jp	m4
jp	m5
jp	ma
jp	mbd
jp	mbg
jp	mc
jp	mdb
jp	mgg
jp	mgm
jp	mmbp
jp	mmbs
jp	mp
jp	mp1
jp	pbg
jp	ppd
jp	s10a
jp	s10b
jp	s10d
jp	s10p
jp	s11
jp	s11a
jp	s12
jp	s12a
jp	s1a
jp	s1h
jp	s1w
jp	s2
jp	s2a
jp	s3
jp	s3a
jp	s4
jp	s4a
jp	s5a
jp	s5i
jp	s5r
jp	s6a
jp	s6h
jp	s6k
jp	s7d
jp	s7r
jp	s8
jp	s8a
jp	s8b
jp	s9
jp	s9a
jp	saf
jp	sag
jp	sal
jp	sar
jp	saw
jp	sb
jp	sc
jp	sc2
jp	scd
jp	scr
jp	sd
jp	sef
jp	sek
jp	sf
jp	sgg
jp	sgi
jp	sh
jp	si
jp	sj
jp	sk
jp	sld
jp	sll
jp	sm0
jp	sm10
jp	sm10a
jp	sm10b
jp	sm11
jp	sm11a
jp	sm11b
jp	sm12
jp	sm12a
jp	sm1m
jp	sm1p
jp	sm1s
jp	sm2k
jp	sm2l
jp	sm2p
jp	sm3h
jp	sm3n
jp	sm3p
jp	sm4a
jp	sm4p
jp	sm4s
jp	sm5m
jp	sm5p
jp	sm5s
jp	sm6
jp	sm6a
jp	sm6b
jp	sm7
jp	sm7a
jp	sm7b
jp	sm8
jp	sm8a
jp	sm8b
jp	sm9
jp	sm9a
jp	sm9b
jp	sma
jp	smb
jp	smc
jp	smd
jp	sme
jp	smf
jp	smg
jp	smh
jp	smi
jp	smj
jp	smk
jp	sml
jp	smm
jp	smn
jp	smp
jp	smp1
jp	smp2
jp	sn
jp	snpo
jp	snpr
jp	so
jp	sp
jp	sp1
jp	sp2
jp	sp3
jp	sp4
jp	sp5
jp	sp6
jp	spd
jp	spz
jp	sv10
jp	sv11b
jp	sv11w
jp	sv1a
jp	sv1s
jp	sv1v
jp	sv2a
jp	sv2d
jp	sv2p
jp	sv3
jp	sv3a
jp	sv4a
jp	sv4k
jp	sv4m
jp	sv5a
jp	sv5k
jp	sv5m
jp	sv6
jp	sv6a
jp	sv7
jp	sv7a
jp	sv8
jp	sv8a
jp	sv9
jp	sv9a
jp	sval
jp	svam
jp	svaw
jp	svb
jp	svc
jp	svd
jp	svel
jp	svem
jp	svf
jp	svg
jp	svhk
jp	svhm
jp	svi
jp	svjl
jp	svjp
jp	svk
jp	svln
jp	svls
jp	svm
jp	svn
jp	svod
jp	svom
jp	svp
jp	svp1
jp	szd
jp	wak
jp	wcs23
jp	x30
jp	xy
jp	xy10
jp	xy11b
jp	xy11r
jp	xy1x
jp	xy1y
jp	xy2
jp	xy3
jp	xy4
jp	xy5g
jp	xy5t
jp	xy6
jp	xy7
jp	xy8b
jp	xy8r
jp	xy9
jp	xya
jp	xyb
jp	xyc
jp	xyd
jp	xye
jp	xyf
jp	xyg
jp	xyh
jp	xyp
jp	y30
